path,modified,b3sum
.\autorun.inf,1999-08-26 21:37:50+10:00,2f6768d984a48cfbef9ad967f7968bd408eb2566c9476b933637e998d1a63829
.\Copyright.txt,1999-08-26 21:37:46+10:00,59001467554676c9e45f93b8547a8b110367149e5cd025bece5bd96efc044d3e
.\DSETUP.DLL,1998-07-30 04:00:06+10:00,7e298d66fa35599562b7bcfa4c8cb775871438e350d7b6564255dd4a396ee43d
.\DSETUP16.DLL,1998-07-30 04:00:06+10:00,dccc4bca90247f86f34fc4547c913ed81cd70d1e8afecf6899d1521a837f7b46
.\DSETUP32.DLL,1998-07-30 04:00:06+10:00,a088fb2c3dd3caa573e9d678d97cb79489bb71d2416ecc9c52a1669b7cf541d3
.\Gamesarena.url,1999-08-26 20:45:00+10:00,b5e55de7b13ccd865a9e1fe8e6b0b386a2b35379da3844d804cfbbd66d808baa
.\grp.fat,1998-11-12 00:59:26+11:00,e549132d9ce28074ce956986d76acb393b74b941a3f1ffd4e7e95ff95f0f187a
.\HomePage.url,1998-11-12 01:41:10+11:00,b071c3e90532bb56bb9591dc6e2b1082c71018272b36905538f62823b56b0313
.\Licence.txt,1999-08-26 21:37:38+10:00,520982d8cdc1ca2de5f0041e9d92fa5306fd05e769db816419419391e229e1c0
.\Pocketprice.url,1999-08-26 20:51:32+10:00,ec7c3d8f607a2c97af7c5b7acbb96d287c8ca7a1df6ae985ee52c588c5491ffb
.\Readme.txt,1999-08-26 21:37:32+10:00,851cdfecfbfcf220c1fe752c5bb49c47e2218f2ffad2f6a8f080cefaf3ff3a4a
.\setup.exe,1999-05-28 05:56:16+10:00,0b8b116d2ab09f1a0b888f49012cf2ddcbf32f649b19f6f29d31e4cf387f0f86
.\Tlon.doc,1999-08-26 21:22:50+10:00,7088414f191790292d9a2302933aafec7e32e89c6b752e767281cff53fd5e515
.\Tlon.ex_,1999-05-28 05:40:48+10:00,fdba14f9bdaec3aedb3f16d0fd5b95a53cf8b1b21c4c40d18ca1024af8e080c2
.\Tlon.ico,1998-07-05 09:48:46+10:00,6fcf8a93d777052199f50baf602945f6cf5950acfeaf03f709edefe1d108afb5
.\TlonUni.ex_,1999-05-28 05:49:48+10:00,df8ac36914c8c6c1823535ff01e3547e15a6dfb27bcabca04f9c2c5ffa0bd837
.\TShoot.ex_,1999-05-15 07:09:02+10:00,0a5d1b671798d8c15124e8c172febf276fb70a3b379a55f34119d7837f4fc8b5
.\Data\ANSW.DAT,1998-09-21 20:40:16+10:00,a4b3392a489f9b90f5cae9a6ccb89ec62a867e51c571fc3e10ae42369838ff8c
.\Data\Data00.grp,1998-11-12 00:54:00+11:00,a530815f84b716c7184d065371b1d84d6fb89715e8fdb08f11871d2a144d133e
.\Data\Data01.grp,1998-11-12 00:55:36+11:00,e9cd184a012f6769d1f2a17254e733a53a89c65eb7dba432be04fb4a06cef543
.\Data\DLGS.DAT,1998-09-21 20:38:10+10:00,7fbded790ba1e8079d59f9302efff1fc43a3b22301854bbd471fc40544124324
.\Data\FNT.DAT,1998-05-28 19:36:40+10:00,9880f1b79e84aa7e2c9c551ab80cd6de95a901a8f76f69da26c4aa47b0255572
.\Data\LOOKAT.DAT,1998-09-21 20:40:08+10:00,48a8680c58ab54f2a9b42b84aa250ed70f092db840cd5d84c9bb30a1281d48ec
.\Data\TLONTXT.DAT,1998-09-21 20:40:12+10:00,dc06671ad408d9950ba570029336af8ae8b44f7e67efba00d1eef5be92913a84
.\Music\Music00.grp,1998-11-12 00:59:20+11:00,a71a7cf28f75b126bda095c529a07eb531fd722cd55bc6940238e4e113d83fde
.\Sfx\Sfx00.grp,1998-11-12 00:57:48+11:00,a73469592492fad200625284c05ddba9d28fcdefeb19cbe690bbd78bd5824b2c
.\Video\001.AVI,1998-10-30 10:40:06+11:00,1247246b6809260ac069133f5b59df26c29407e401da18b7f0edf84bef183bde
.\Video\002.AVI,1998-10-30 10:40:00+11:00,8c8e325cec5c0106af627b133abb69ab1ed98d15ab51966efd70f1d5137bbf3d
.\Video\003.AVI,1998-10-30 10:39:52+11:00,74714692f77cd5b12e945988bd9b0cb701fcafb6eccbae358b3280a0d21c5013
.\Video\004.AVI,1998-10-30 10:39:44+11:00,1f7b3cdfd840f62b23f199b7fbd76d179192fe3fadd3219c110ac3392eec7e70
.\Video\005.AVI,1998-10-30 10:39:38+11:00,007b437c960a43796c89ffc6794730f38e96c97cf58d2dc24c8b1b980744e328
.\Video\006.AVI,1998-10-30 10:39:28+11:00,45be39904b221762ce4d73550d6268d4c1831915d041b9bd639744282b9ac020
.\Video\007.AVI,1998-10-30 10:39:20+11:00,114056e887f30f7039ca8e2a34e8658916c7f8cd254452f35a313a1da308d9a3
.\Video\008.AVI,1998-10-30 10:39:14+11:00,165dcb4834c2f89a2e84b9c7dcb1875038ceb6d9c9136997e1322d34acdca4cf
.\Video\009.AVI,1998-10-30 10:39:08+11:00,cd967612f2e4bb3e9beff2bea1f576098ab08be2d2792dffba9e7050133030b1
.\Video\010.AVI,1998-10-30 10:39:00+11:00,c47d9c18e718ab3a6d6db306adff4905ca176960cabff09f352a4430b2c2db11
.\Video\011.AVI,1998-10-30 10:38:52+11:00,f6435a60b65a3eb7687a80a2a92dff1f63272f29a7d9d932baa560095c2e764b
.\Video\012.AVI,1998-10-30 10:38:44+11:00,6fb734b6b1a9a3d9eeb5203941e69f2d5ba20df21503a0a5d07d189c36541732
.\Video\013.AVI,1998-10-30 10:38:36+11:00,bfeda9fa17f08ac6c78050683a5897680d3993cbe76b2ad1baa2eeb1b8190737
.\Video\014.AVI,1998-10-30 10:38:30+11:00,96af7b3be12a3e8be2d19495390b030a7ed4b3f83c6359c38c2e586db2a8c8a7
.\Video\015.AVI,1998-10-30 10:38:22+11:00,b52cf3379bd057e1f5737606b03ff577630e445c0117875f233f21d2dbb17f06
.\Video\016.AVI,1998-10-30 10:38:14+11:00,ac2920f3333daa4d90cbdd01d8a5d8d8bb72fc916270580f17c0cc6c9707e539
.\Video\017.AVI,1998-10-30 10:38:06+11:00,854c81be655a76a77d71af1538400416a2ca3f6996d0cf1bdec4a8cee7b5f6fb
.\Video\018.AVI,1998-10-30 10:37:58+11:00,34b57b16a67d71f35bb0ff69ad63b64d48c4468963b3331a60ea9cbe2c118f0a
.\Video\019.AVI,1998-10-30 10:37:50+11:00,7af723335dd7c34c8735fa3b7562b24644216aa71efc0d32b7093715a7635717
.\Video\020.AVI,1998-10-30 10:37:42+11:00,eb820fc056f6a36671a2b56fa54a9537839457e8f9c22e22c4ce96ffb805f945
.\Video\021.AVI,1999-05-11 22:26:20+10:00,8bb07422b742fffefb4aca41ca6d7a12d96453621c158311331729b61a768b7e
.\Video\022.avi,1998-11-12 01:08:34+11:00,a5da381a931f4cbcb214e5c563f008a5ff7982b026e7f5121fbf945d47b7eda3
.\Video\LOGO.AVI,1999-05-11 22:26:32+10:00,8ef2314465ce25705fee2b5e1921e17377bbfa05521f19004c8dd39955b24867
.\FILE_ID.DIZ,2000-09-16 17:39:16+10:00,c8c4fb9bf1d1ee53d83ee61daf509bfbf6b8b5c80e5560c15b5ddd73dbdfef41
.\grp.fat,2000-09-14 15:42:38+10:00,e549132d9ce28074ce956986d76acb393b74b941a3f1ffd4e7e95ff95f0f187a
.\logfile.txt,2024-09-24 15:41:46.491198+10:00,02460aa2b60414d2533c0567e31bbab168ffb90518a190c0742ee1f1be7ba287
.\Readme.txt,2000-09-14 15:42:36+10:00,851cdfecfbfcf220c1fe752c5bb49c47e2218f2ffad2f6a8f080cefaf3ff3a4a
.\Tlon.doc,2000-09-14 15:42:36+10:00,7088414f191790292d9a2302933aafec7e32e89c6b752e767281cff53fd5e515
.\Tlon.exe,2000-09-15 13:26:02+10:00,19195fbc53eafe0b71ee63bba08de28d6bc60816bae8b5571407f462e872f67b
.\Tlon.ico,2000-09-14 15:42:38+10:00,6fcf8a93d777052199f50baf602945f6cf5950acfeaf03f709edefe1d108afb5
.\TLON.REG,2000-09-15 12:58:14+10:00,47dae89b312faf8a94fe4d88296598a40e79a735096fc30d49cd7a3b2f0e176b
.\TShoot.exe,2000-09-14 15:42:36+10:00,0a5d1b671798d8c15124e8c172febf276fb70a3b379a55f34119d7837f4fc8b5
.\WARRIOR.NFO,2000-09-16 17:44:46+10:00,c3b7a5cca9494cc6fa24e32d69f027b20ca81dc1dd847a0e47d8808082c34e6b
.\Data\ANSW.DAT,2000-09-14 15:42:38+10:00,a4b3392a489f9b90f5cae9a6ccb89ec62a867e51c571fc3e10ae42369838ff8c
.\Data\Data00.grp,2000-09-14 15:42:50+10:00,a530815f84b716c7184d065371b1d84d6fb89715e8fdb08f11871d2a144d133e
.\Data\Data01.grp,2000-09-14 15:43:42+10:00,e9cd184a012f6769d1f2a17254e733a53a89c65eb7dba432be04fb4a06cef543
.\Data\DLGS.DAT,2000-09-14 15:42:38+10:00,7fbded790ba1e8079d59f9302efff1fc43a3b22301854bbd471fc40544124324
.\Data\FNT.DAT,2000-09-14 15:43:42+10:00,9880f1b79e84aa7e2c9c551ab80cd6de95a901a8f76f69da26c4aa47b0255572
.\Data\LOOKAT.DAT,2000-09-14 15:43:42+10:00,48a8680c58ab54f2a9b42b84aa250ed70f092db840cd5d84c9bb30a1281d48ec
.\Data\TLONTXT.DAT,2000-09-14 15:43:42+10:00,dc06671ad408d9950ba570029336af8ae8b44f7e67efba00d1eef5be92913a84
.\Music\Music00.grp,1998-11-11 18:59:20+11:00,a71a7cf28f75b126bda095c529a07eb531fd722cd55bc6940238e4e113d83fde
.\Savegame\restart.sav,2024-09-24 15:40:09.539508+10:00,e36d161d241694554fd5622c1b813f8cb709ead0352226195b88927c59c67ab3
.\Sfx\Sfx00.grp,2000-09-14 15:43:58+10:00,a73469592492fad200625284c05ddba9d28fcdefeb19cbe690bbd78bd5824b2c
.\Video\001.AVI,2015-08-20 02:13:12.763833+10:00,389c7e032e7c3e295ba399c8edb4470b24d8197bdf35dd55e9ce77f5aeeae808
.\Video\002.AVI,2015-08-20 02:13:12.781840+10:00,530205829ca4da55c5f5812c79206bc9888808aa31aebe0cf43898c136e7a1ff
.\Video\003.AVI,2015-08-20 02:13:12.799841+10:00,3eed44c8f24f47687f40851c903e43feb678aad3d6fd85b18830137151b903bd
.\Video\004.AVI,2015-08-20 02:13:12.818842+10:00,ea2264536e483358197dd0d23426ebac4c5b8356ac2620cb04bab07168f0ade9
.\Video\005.AVI,2015-08-20 02:13:12.838845+10:00,769cb0b31ac630f48a6f3ba8a5109a86526f59785a31e3d5105e2e12f9f8f71c
.\Video\006.AVI,2015-08-20 02:13:12.857248+10:00,b7588176e25d69c38db44d49b426c92f23f8403bf8acee28fe14ab719c1f7f7f
.\Video\007.AVI,2015-08-20 02:13:12.875257+10:00,c65de5a0ac11574b1bab61ccf98f51bc00d6fd896139843236aa515c1bb8882e
.\Video\008.AVI,2015-08-20 02:13:12.893259+10:00,39623f502ee88beb5396039807d644d2291de04cf65b22f48e6760606d316022
.\Video\009.AVI,2015-08-20 02:13:12.910764+10:00,da5724513b54fb29c7d592fc07ddf965b77d2645c227d1e9f019c561fb663fbd
.\Video\010.AVI,2015-08-20 02:13:12.928763+10:00,c666ff4ee602f1ef6d1a6e76fd8811dbff7ca1d0e04fa7aa3123d862fe1392ea
.\Video\011.AVI,2015-08-20 02:13:12.948266+10:00,4b0dbafae3cabcb81b4a796db47d51e8c76e43d1973af48006f1ba9c8738bfaa
.\Video\012.AVI,2015-08-20 02:13:12.966262+10:00,f9b7cc65573cf0373da6cbea94ad137d21a6a7ebf5a1ccc0fa9a2185c57638bc
.\Video\013.AVI,2015-08-20 02:13:12.983288+10:00,110d22f87e8aba5e6efc9b023a1f0ea3b5c3deda43c4dc027c079c08533bac2f
.\Video\014.AVI,2015-08-20 02:13:13.021285+10:00,a31919368d39906eef696b2685b2be7e60c9fc587e9f2d2f1f2b685dc4d570b6
.\Video\015.AVI,2015-08-20 02:13:13.039291+10:00,11babd10b2588b15e49feb173bc27b433ce6766ec3b2e29979b8197ebb62c60a
.\Video\016.AVI,2015-08-20 02:13:13.057287+10:00,4f2ba9c88dd702727e79321a1487585de858d85dc8121c41622d681f59801b98
.\Video\017.AVI,2015-08-20 02:13:13.075288+10:00,4bcfd8be95e67946f9c4399c2976bd0cefcdff46d5b06caece3716de1f55f8ce
.\Video\018.AVI,2015-08-20 02:13:13.093294+10:00,9630e0847772893bf09db4359982c5a17d024b589038e683f33fc1d8a2de1729
.\Video\019.AVI,2015-08-20 02:13:13.110291+10:00,228b72743c6cbb9c2612eff7137eb7f6d230631f7546616e7b9b263cfea989a5
.\Video\020.AVI,2015-08-20 02:13:13.128292+10:00,87eda669765b66d77d9ecb45d5fe9c9f34d64f9d8cf61c63a544a7fe8a5018b2
.\Video\021.AVI,2015-08-20 02:13:13.146291+10:00,ed9a4e57349fae5bf92722ca40ddac8427dd5e423a93d3898861e856c7c5f068
.\Video\022.avi,2015-08-20 02:13:13.164299+10:00,baa5fbe95c8668ebda6730163c74114873c46c600bca17025b8c676a3520d556
.\Video\LOGO.AVI,2015-08-20 02:13:13.230302+10:00,8850d77577bc977635629473a02107a13b2d1d8d1a1a94c3e9f9eb784f83c88e
.\autorun.inf,1999-08-26 21:37:50+10:00,2f6768d984a48cfbef9ad967f7968bd408eb2566c9476b933637e998d1a63829
.\Copyright.txt,1999-08-26 21:37:46+10:00,59001467554676c9e45f93b8547a8b110367149e5cd025bece5bd96efc044d3e
.\DSETUP.DLL,1998-07-30 04:00:06+10:00,7e298d66fa35599562b7bcfa4c8cb775871438e350d7b6564255dd4a396ee43d
.\DSETUP16.DLL,1998-07-30 04:00:06+10:00,dccc4bca90247f86f34fc4547c913ed81cd70d1e8afecf6899d1521a837f7b46
.\DSETUP32.DLL,1998-07-30 04:00:06+10:00,a088fb2c3dd3caa573e9d678d97cb79489bb71d2416ecc9c52a1669b7cf541d3
.\Gamesarena.url,1999-08-26 20:45:00+10:00,b5e55de7b13ccd865a9e1fe8e6b0b386a2b35379da3844d804cfbbd66d808baa
.\grp.fat,1998-11-12 00:59:26+11:00,e549132d9ce28074ce956986d76acb393b74b941a3f1ffd4e7e95ff95f0f187a
.\HomePage.url,1998-11-12 01:41:10+11:00,b071c3e90532bb56bb9591dc6e2b1082c71018272b36905538f62823b56b0313
.\Licence.txt,1999-08-26 21:37:38+10:00,520982d8cdc1ca2de5f0041e9d92fa5306fd05e769db816419419391e229e1c0
.\Pocketprice.url,1999-08-26 20:51:32+10:00,ec7c3d8f607a2c97af7c5b7acbb96d287c8ca7a1df6ae985ee52c588c5491ffb
.\Readme.txt,1999-08-26 21:37:32+10:00,851cdfecfbfcf220c1fe752c5bb49c47e2218f2ffad2f6a8f080cefaf3ff3a4a
.\setup.exe,1999-05-28 05:56:16+10:00,0b8b116d2ab09f1a0b888f49012cf2ddcbf32f649b19f6f29d31e4cf387f0f86
.\Tlon.doc,1999-08-26 21:22:50+10:00,7088414f191790292d9a2302933aafec7e32e89c6b752e767281cff53fd5e515
.\Tlon.ex_,1999-05-28 05:40:48+10:00,fdba14f9bdaec3aedb3f16d0fd5b95a53cf8b1b21c4c40d18ca1024af8e080c2
.\Tlon.ico,1998-07-05 09:48:46+10:00,6fcf8a93d777052199f50baf602945f6cf5950acfeaf03f709edefe1d108afb5
.\TlonUni.ex_,1999-05-28 05:49:48+10:00,df8ac36914c8c6c1823535ff01e3547e15a6dfb27bcabca04f9c2c5ffa0bd837
.\TShoot.ex_,1999-05-15 07:09:02+10:00,0a5d1b671798d8c15124e8c172febf276fb70a3b379a55f34119d7837f4fc8b5
.\Data\ANSW.DAT,1998-09-21 20:40:16+10:00,a4b3392a489f9b90f5cae9a6ccb89ec62a867e51c571fc3e10ae42369838ff8c
.\Data\Data00.grp,1998-11-12 00:54:00+11:00,a530815f84b716c7184d065371b1d84d6fb89715e8fdb08f11871d2a144d133e
.\Data\Data01.grp,1998-11-12 00:55:36+11:00,e9cd184a012f6769d1f2a17254e733a53a89c65eb7dba432be04fb4a06cef543
.\Data\DLGS.DAT,1998-09-21 20:38:10+10:00,7fbded790ba1e8079d59f9302efff1fc43a3b22301854bbd471fc40544124324
.\Data\FNT.DAT,1998-05-28 19:36:40+10:00,9880f1b79e84aa7e2c9c551ab80cd6de95a901a8f76f69da26c4aa47b0255572
.\Data\LOOKAT.DAT,1998-09-21 20:40:08+10:00,48a8680c58ab54f2a9b42b84aa250ed70f092db840cd5d84c9bb30a1281d48ec
.\Data\TLONTXT.DAT,1998-09-21 20:40:12+10:00,dc06671ad408d9950ba570029336af8ae8b44f7e67efba00d1eef5be92913a84
.\Music\Music00.grp,1998-11-12 00:59:20+11:00,a71a7cf28f75b126bda095c529a07eb531fd722cd55bc6940238e4e113d83fde
.\Sfx\Sfx00.grp,1998-11-12 00:57:48+11:00,a73469592492fad200625284c05ddba9d28fcdefeb19cbe690bbd78bd5824b2c
.\Video\001.AVI,1998-10-30 10:40:06+11:00,1247246b6809260ac069133f5b59df26c29407e401da18b7f0edf84bef183bde
.\Video\002.AVI,1998-10-30 10:40:00+11:00,8c8e325cec5c0106af627b133abb69ab1ed98d15ab51966efd70f1d5137bbf3d
.\Video\003.AVI,1998-10-30 10:39:52+11:00,74714692f77cd5b12e945988bd9b0cb701fcafb6eccbae358b3280a0d21c5013
.\Video\004.AVI,1998-10-30 10:39:44+11:00,1f7b3cdfd840f62b23f199b7fbd76d179192fe3fadd3219c110ac3392eec7e70
.\Video\005.AVI,1998-10-30 10:39:38+11:00,007b437c960a43796c89ffc6794730f38e96c97cf58d2dc24c8b1b980744e328
.\Video\006.AVI,1998-10-30 10:39:28+11:00,45be39904b221762ce4d73550d6268d4c1831915d041b9bd639744282b9ac020
.\Video\007.AVI,1998-10-30 10:39:20+11:00,114056e887f30f7039ca8e2a34e8658916c7f8cd254452f35a313a1da308d9a3
.\Video\008.AVI,1998-10-30 10:39:14+11:00,165dcb4834c2f89a2e84b9c7dcb1875038ceb6d9c9136997e1322d34acdca4cf
.\Video\009.AVI,1998-10-30 10:39:08+11:00,cd967612f2e4bb3e9beff2bea1f576098ab08be2d2792dffba9e7050133030b1
.\Video\010.AVI,1998-10-30 10:39:00+11:00,c47d9c18e718ab3a6d6db306adff4905ca176960cabff09f352a4430b2c2db11
.\Video\011.AVI,1998-10-30 10:38:52+11:00,f6435a60b65a3eb7687a80a2a92dff1f63272f29a7d9d932baa560095c2e764b
.\Video\012.AVI,1998-10-30 10:38:44+11:00,6fb734b6b1a9a3d9eeb5203941e69f2d5ba20df21503a0a5d07d189c36541732
.\Video\013.AVI,1998-10-30 10:38:36+11:00,bfeda9fa17f08ac6c78050683a5897680d3993cbe76b2ad1baa2eeb1b8190737
.\Video\014.AVI,1998-10-30 10:38:30+11:00,96af7b3be12a3e8be2d19495390b030a7ed4b3f83c6359c38c2e586db2a8c8a7
.\Video\015.AVI,1998-10-30 10:38:22+11:00,b52cf3379bd057e1f5737606b03ff577630e445c0117875f233f21d2dbb17f06
.\Video\016.AVI,1998-10-30 10:38:14+11:00,ac2920f3333daa4d90cbdd01d8a5d8d8bb72fc916270580f17c0cc6c9707e539
.\Video\017.AVI,1998-10-30 10:38:06+11:00,854c81be655a76a77d71af1538400416a2ca3f6996d0cf1bdec4a8cee7b5f6fb
.\Video\018.AVI,1998-10-30 10:37:58+11:00,34b57b16a67d71f35bb0ff69ad63b64d48c4468963b3331a60ea9cbe2c118f0a
.\Video\019.AVI,1998-10-30 10:37:50+11:00,7af723335dd7c34c8735fa3b7562b24644216aa71efc0d32b7093715a7635717
.\Video\020.AVI,1998-10-30 10:37:42+11:00,eb820fc056f6a36671a2b56fa54a9537839457e8f9c22e22c4ce96ffb805f945
.\Video\021.AVI,1999-05-11 22:26:20+10:00,8bb07422b742fffefb4aca41ca6d7a12d96453621c158311331729b61a768b7e
.\Video\022.avi,1998-11-12 01:08:34+11:00,a5da381a931f4cbcb214e5c563f008a5ff7982b026e7f5121fbf945d47b7eda3
.\Video\LOGO.AVI,1999-05-11 22:26:32+10:00,8ef2314465ce25705fee2b5e1921e17377bbfa05521f19004c8dd39955b24867
.\autorun.inf,1999-08-26 21:37:50+10:00,2f6768d984a48cfbef9ad967f7968bd408eb2566c9476b933637e998d1a63829
.\Copyright.txt,1999-08-26 21:37:46+10:00,59001467554676c9e45f93b8547a8b110367149e5cd025bece5bd96efc044d3e
.\DSETUP.DLL,1998-07-30 04:00:06+10:00,7e298d66fa35599562b7bcfa4c8cb775871438e350d7b6564255dd4a396ee43d
.\DSETUP16.DLL,1998-07-30 04:00:06+10:00,dccc4bca90247f86f34fc4547c913ed81cd70d1e8afecf6899d1521a837f7b46
.\DSETUP32.DLL,1998-07-30 04:00:06+10:00,a088fb2c3dd3caa573e9d678d97cb79489bb71d2416ecc9c52a1669b7cf541d3
.\Gamesarena.url,1999-08-26 20:45:00+10:00,b5e55de7b13ccd865a9e1fe8e6b0b386a2b35379da3844d804cfbbd66d808baa
.\grp.fat,1998-11-12 00:59:26+11:00,e549132d9ce28074ce956986d76acb393b74b941a3f1ffd4e7e95ff95f0f187a
.\HomePage.url,1998-11-12 01:41:10+11:00,b071c3e90532bb56bb9591dc6e2b1082c71018272b36905538f62823b56b0313
.\Licence.txt,1999-08-26 21:37:38+10:00,520982d8cdc1ca2de5f0041e9d92fa5306fd05e769db816419419391e229e1c0
.\Pocketprice.url,1999-08-26 20:51:32+10:00,ec7c3d8f607a2c97af7c5b7acbb96d287c8ca7a1df6ae985ee52c588c5491ffb
.\Readme.txt,1999-08-26 21:37:32+10:00,851cdfecfbfcf220c1fe752c5bb49c47e2218f2ffad2f6a8f080cefaf3ff3a4a
.\setup.exe,1999-05-28 05:56:16+10:00,0b8b116d2ab09f1a0b888f49012cf2ddcbf32f649b19f6f29d31e4cf387f0f86
.\Tlon.doc,1999-08-26 21:22:50+10:00,7088414f191790292d9a2302933aafec7e32e89c6b752e767281cff53fd5e515
.\Tlon.ex_,1999-05-28 05:40:48+10:00,fdba14f9bdaec3aedb3f16d0fd5b95a53cf8b1b21c4c40d18ca1024af8e080c2
.\Tlon.ico,1998-07-05 09:48:46+10:00,6fcf8a93d777052199f50baf602945f6cf5950acfeaf03f709edefe1d108afb5
.\TlonUni.ex_,1999-05-28 05:49:48+10:00,df8ac36914c8c6c1823535ff01e3547e15a6dfb27bcabca04f9c2c5ffa0bd837
.\TShoot.ex_,1999-05-15 07:09:02+10:00,0a5d1b671798d8c15124e8c172febf276fb70a3b379a55f34119d7837f4fc8b5
.\Data\ANSW.DAT,1998-09-21 20:40:16+10:00,a4b3392a489f9b90f5cae9a6ccb89ec62a867e51c571fc3e10ae42369838ff8c
.\Data\Data00.grp,1998-11-12 00:54:00+11:00,a530815f84b716c7184d065371b1d84d6fb89715e8fdb08f11871d2a144d133e
.\Data\Data01.grp,1998-11-12 00:55:36+11:00,e9cd184a012f6769d1f2a17254e733a53a89c65eb7dba432be04fb4a06cef543
.\Data\DLGS.DAT,1998-09-21 20:38:10+10:00,7fbded790ba1e8079d59f9302efff1fc43a3b22301854bbd471fc40544124324
.\Data\FNT.DAT,1998-05-28 19:36:40+10:00,9880f1b79e84aa7e2c9c551ab80cd6de95a901a8f76f69da26c4aa47b0255572
.\Data\LOOKAT.DAT,1998-09-21 20:40:08+10:00,48a8680c58ab54f2a9b42b84aa250ed70f092db840cd5d84c9bb30a1281d48ec
.\Data\TLONTXT.DAT,1998-09-21 20:40:12+10:00,dc06671ad408d9950ba570029336af8ae8b44f7e67efba00d1eef5be92913a84
.\Music\Music00.grp,1998-11-12 00:59:20+11:00,a71a7cf28f75b126bda095c529a07eb531fd722cd55bc6940238e4e113d83fde
.\Sfx\Sfx00.grp,1998-11-12 00:57:48+11:00,a73469592492fad200625284c05ddba9d28fcdefeb19cbe690bbd78bd5824b2c
.\Video\001.AVI,1998-10-30 10:40:06+11:00,1247246b6809260ac069133f5b59df26c29407e401da18b7f0edf84bef183bde
.\Video\002.AVI,1998-10-30 10:40:00+11:00,8c8e325cec5c0106af627b133abb69ab1ed98d15ab51966efd70f1d5137bbf3d
.\Video\003.AVI,1998-10-30 10:39:52+11:00,74714692f77cd5b12e945988bd9b0cb701fcafb6eccbae358b3280a0d21c5013
.\Video\004.AVI,1998-10-30 10:39:44+11:00,1f7b3cdfd840f62b23f199b7fbd76d179192fe3fadd3219c110ac3392eec7e70
.\Video\005.AVI,1998-10-30 10:39:38+11:00,007b437c960a43796c89ffc6794730f38e96c97cf58d2dc24c8b1b980744e328
.\Video\006.AVI,1998-10-30 10:39:28+11:00,45be39904b221762ce4d73550d6268d4c1831915d041b9bd639744282b9ac020
.\Video\007.AVI,1998-10-30 10:39:20+11:00,114056e887f30f7039ca8e2a34e8658916c7f8cd254452f35a313a1da308d9a3
.\Video\008.AVI,1998-10-30 10:39:14+11:00,165dcb4834c2f89a2e84b9c7dcb1875038ceb6d9c9136997e1322d34acdca4cf
.\Video\009.AVI,1998-10-30 10:39:08+11:00,cd967612f2e4bb3e9beff2bea1f576098ab08be2d2792dffba9e7050133030b1
.\Video\010.AVI,1998-10-30 10:39:00+11:00,c47d9c18e718ab3a6d6db306adff4905ca176960cabff09f352a4430b2c2db11
.\Video\011.AVI,1998-10-30 10:38:52+11:00,f6435a60b65a3eb7687a80a2a92dff1f63272f29a7d9d932baa560095c2e764b
.\Video\012.AVI,1998-10-30 10:38:44+11:00,6fb734b6b1a9a3d9eeb5203941e69f2d5ba20df21503a0a5d07d189c36541732
.\Video\013.AVI,1998-10-30 10:38:36+11:00,bfeda9fa17f08ac6c78050683a5897680d3993cbe76b2ad1baa2eeb1b8190737
.\Video\014.AVI,1998-10-30 10:38:30+11:00,96af7b3be12a3e8be2d19495390b030a7ed4b3f83c6359c38c2e586db2a8c8a7
.\Video\015.AVI,1998-10-30 10:38:22+11:00,b52cf3379bd057e1f5737606b03ff577630e445c0117875f233f21d2dbb17f06
.\Video\016.AVI,1998-10-30 10:38:14+11:00,ac2920f3333daa4d90cbdd01d8a5d8d8bb72fc916270580f17c0cc6c9707e539
.\Video\017.AVI,1998-10-30 10:38:06+11:00,854c81be655a76a77d71af1538400416a2ca3f6996d0cf1bdec4a8cee7b5f6fb
.\Video\018.AVI,1998-10-30 10:37:58+11:00,34b57b16a67d71f35bb0ff69ad63b64d48c4468963b3331a60ea9cbe2c118f0a
.\Video\019.AVI,1998-10-30 10:37:50+11:00,7af723335dd7c34c8735fa3b7562b24644216aa71efc0d32b7093715a7635717
.\Video\020.AVI,1998-10-30 10:37:42+11:00,eb820fc056f6a36671a2b56fa54a9537839457e8f9c22e22c4ce96ffb805f945
.\Video\021.AVI,1999-05-11 22:26:20+10:00,8bb07422b742fffefb4aca41ca6d7a12d96453621c158311331729b61a768b7e
.\Video\022.avi,1998-11-12 01:08:34+11:00,a5da381a931f4cbcb214e5c563f008a5ff7982b026e7f5121fbf945d47b7eda3
.\Video\LOGO.AVI,1999-05-11 22:26:32+10:00,8ef2314465ce25705fee2b5e1921e17377bbfa05521f19004c8dd39955b24867
.\Video\001.AVI,2015-08-20 01:13:12.763833+10:00,389c7e032e7c3e295ba399c8edb4470b24d8197bdf35dd55e9ce77f5aeeae808
.\Video\002.AVI,2015-08-20 01:13:12.781840+10:00,530205829ca4da55c5f5812c79206bc9888808aa31aebe0cf43898c136e7a1ff
.\Video\003.AVI,2015-08-20 01:13:12.799841+10:00,3eed44c8f24f47687f40851c903e43feb678aad3d6fd85b18830137151b903bd
.\Video\004.AVI,2015-08-20 01:13:12.818842+10:00,ea2264536e483358197dd0d23426ebac4c5b8356ac2620cb04bab07168f0ade9
.\Video\005.AVI,2015-08-20 01:13:12.838845+10:00,769cb0b31ac630f48a6f3ba8a5109a86526f59785a31e3d5105e2e12f9f8f71c
.\Video\006.AVI,2015-08-20 01:13:12.857248+10:00,b7588176e25d69c38db44d49b426c92f23f8403bf8acee28fe14ab719c1f7f7f
.\Video\007.AVI,2015-08-20 01:13:12.875257+10:00,c65de5a0ac11574b1bab61ccf98f51bc00d6fd896139843236aa515c1bb8882e
.\Video\008.AVI,2015-08-20 01:13:12.893259+10:00,39623f502ee88beb5396039807d644d2291de04cf65b22f48e6760606d316022
.\Video\009.AVI,2015-08-20 01:13:12.910764+10:00,da5724513b54fb29c7d592fc07ddf965b77d2645c227d1e9f019c561fb663fbd
.\Video\010.AVI,2015-08-20 01:13:12.928763+10:00,c666ff4ee602f1ef6d1a6e76fd8811dbff7ca1d0e04fa7aa3123d862fe1392ea
.\Video\011.AVI,2015-08-20 01:13:12.948266+10:00,4b0dbafae3cabcb81b4a796db47d51e8c76e43d1973af48006f1ba9c8738bfaa
.\Video\012.AVI,2015-08-20 01:13:12.966262+10:00,f9b7cc65573cf0373da6cbea94ad137d21a6a7ebf5a1ccc0fa9a2185c57638bc
.\Video\013.AVI,2015-08-20 01:13:12.983288+10:00,110d22f87e8aba5e6efc9b023a1f0ea3b5c3deda43c4dc027c079c08533bac2f
.\Video\014.AVI,2015-08-20 01:13:13.021285+10:00,a31919368d39906eef696b2685b2be7e60c9fc587e9f2d2f1f2b685dc4d570b6
.\Video\015.AVI,2015-08-20 01:13:13.039291+10:00,11babd10b2588b15e49feb173bc27b433ce6766ec3b2e29979b8197ebb62c60a
.\Video\016.AVI,2015-08-20 01:13:13.057287+10:00,4f2ba9c88dd702727e79321a1487585de858d85dc8121c41622d681f59801b98
.\Video\017.AVI,2015-08-20 01:13:13.075288+10:00,4bcfd8be95e67946f9c4399c2976bd0cefcdff46d5b06caece3716de1f55f8ce
.\Video\018.AVI,2015-08-20 01:13:13.093294+10:00,9630e0847772893bf09db4359982c5a17d024b589038e683f33fc1d8a2de1729
.\Video\019.AVI,2015-08-20 01:13:13.110291+10:00,228b72743c6cbb9c2612eff7137eb7f6d230631f7546616e7b9b263cfea989a5
.\Video\020.AVI,2015-08-20 01:13:13.128292+10:00,87eda669765b66d77d9ecb45d5fe9c9f34d64f9d8cf61c63a544a7fe8a5018b2
.\Video\021.AVI,2015-08-20 01:13:13.146291+10:00,ed9a4e57349fae5bf92722ca40ddac8427dd5e423a93d3898861e856c7c5f068
.\Video\022.avi,2015-08-20 01:13:13.164299+10:00,baa5fbe95c8668ebda6730163c74114873c46c600bca17025b8c676a3520d556
.\Video\LOGO.AVI,2015-08-20 01:13:13.230302+10:00,8850d77577bc977635629473a02107a13b2d1d8d1a1a94c3e9f9eb784f83c88e
.\autorun.inf,1999-08-26 21:37:50+10:00,2f6768d984a48cfbef9ad967f7968bd408eb2566c9476b933637e998d1a63829
.\Copyright.txt,1999-08-26 21:37:46+10:00,59001467554676c9e45f93b8547a8b110367149e5cd025bece5bd96efc044d3e
.\DSETUP.DLL,1998-07-30 04:00:06+10:00,7e298d66fa35599562b7bcfa4c8cb775871438e350d7b6564255dd4a396ee43d
.\DSETUP16.DLL,1998-07-30 04:00:06+10:00,dccc4bca90247f86f34fc4547c913ed81cd70d1e8afecf6899d1521a837f7b46
.\DSETUP32.DLL,1998-07-30 04:00:06+10:00,a088fb2c3dd3caa573e9d678d97cb79489bb71d2416ecc9c52a1669b7cf541d3
.\Gamesarena.url,1999-08-26 20:45:00+10:00,b5e55de7b13ccd865a9e1fe8e6b0b386a2b35379da3844d804cfbbd66d808baa
.\grp.fat,1998-11-12 00:59:26+11:00,e549132d9ce28074ce956986d76acb393b74b941a3f1ffd4e7e95ff95f0f187a
.\HomePage.url,1998-11-12 01:41:10+11:00,b071c3e90532bb56bb9591dc6e2b1082c71018272b36905538f62823b56b0313
.\Licence.txt,1999-08-26 21:37:38+10:00,520982d8cdc1ca2de5f0041e9d92fa5306fd05e769db816419419391e229e1c0
.\Pocketprice.url,1999-08-26 20:51:32+10:00,ec7c3d8f607a2c97af7c5b7acbb96d287c8ca7a1df6ae985ee52c588c5491ffb
.\Readme.txt,1999-08-26 21:37:32+10:00,851cdfecfbfcf220c1fe752c5bb49c47e2218f2ffad2f6a8f080cefaf3ff3a4a
.\setup.exe,1999-05-28 05:56:16+10:00,0b8b116d2ab09f1a0b888f49012cf2ddcbf32f649b19f6f29d31e4cf387f0f86
.\Tlon.doc,1999-08-26 21:22:50+10:00,7088414f191790292d9a2302933aafec7e32e89c6b752e767281cff53fd5e515
.\Tlon.ex_,1999-05-28 05:40:48+10:00,fdba14f9bdaec3aedb3f16d0fd5b95a53cf8b1b21c4c40d18ca1024af8e080c2
.\Tlon.ico,1998-07-05 09:48:46+10:00,6fcf8a93d777052199f50baf602945f6cf5950acfeaf03f709edefe1d108afb5
.\TlonUni.ex_,1999-05-28 05:49:48+10:00,df8ac36914c8c6c1823535ff01e3547e15a6dfb27bcabca04f9c2c5ffa0bd837
.\TShoot.ex_,1999-05-15 07:09:02+10:00,0a5d1b671798d8c15124e8c172febf276fb70a3b379a55f34119d7837f4fc8b5
.\Data\ANSW.DAT,1998-09-21 20:40:16+10:00,a4b3392a489f9b90f5cae9a6ccb89ec62a867e51c571fc3e10ae42369838ff8c
.\Data\Data00.grp,1998-11-12 00:54:00+11:00,a530815f84b716c7184d065371b1d84d6fb89715e8fdb08f11871d2a144d133e
.\Data\Data01.grp,1998-11-12 00:55:36+11:00,e9cd184a012f6769d1f2a17254e733a53a89c65eb7dba432be04fb4a06cef543
.\Data\DLGS.DAT,1998-09-21 20:38:10+10:00,7fbded790ba1e8079d59f9302efff1fc43a3b22301854bbd471fc40544124324
.\Data\FNT.DAT,1998-05-28 19:36:40+10:00,9880f1b79e84aa7e2c9c551ab80cd6de95a901a8f76f69da26c4aa47b0255572
.\Data\LOOKAT.DAT,1998-09-21 20:40:08+10:00,48a8680c58ab54f2a9b42b84aa250ed70f092db840cd5d84c9bb30a1281d48ec
.\Data\TLONTXT.DAT,1998-09-21 20:40:12+10:00,dc06671ad408d9950ba570029336af8ae8b44f7e67efba00d1eef5be92913a84
.\Music\Music00.grp,1998-11-12 00:59:20+11:00,a71a7cf28f75b126bda095c529a07eb531fd722cd55bc6940238e4e113d83fde
.\Sfx\Sfx00.grp,1998-11-12 00:57:48+11:00,a73469592492fad200625284c05ddba9d28fcdefeb19cbe690bbd78bd5824b2c
.\Video\001.AVI,1998-10-30 10:40:06+11:00,1247246b6809260ac069133f5b59df26c29407e401da18b7f0edf84bef183bde
.\Video\002.AVI,1998-10-30 10:40:00+11:00,8c8e325cec5c0106af627b133abb69ab1ed98d15ab51966efd70f1d5137bbf3d
.\Video\003.AVI,1998-10-30 10:39:52+11:00,74714692f77cd5b12e945988bd9b0cb701fcafb6eccbae358b3280a0d21c5013
.\Video\004.AVI,1998-10-30 10:39:44+11:00,1f7b3cdfd840f62b23f199b7fbd76d179192fe3fadd3219c110ac3392eec7e70
.\Video\005.AVI,1998-10-30 10:39:38+11:00,007b437c960a43796c89ffc6794730f38e96c97cf58d2dc24c8b1b980744e328
.\Video\006.AVI,1998-10-30 10:39:28+11:00,45be39904b221762ce4d73550d6268d4c1831915d041b9bd639744282b9ac020
.\Video\007.AVI,1998-10-30 10:39:20+11:00,114056e887f30f7039ca8e2a34e8658916c7f8cd254452f35a313a1da308d9a3
.\Video\008.AVI,1998-10-30 10:39:14+11:00,165dcb4834c2f89a2e84b9c7dcb1875038ceb6d9c9136997e1322d34acdca4cf
.\Video\009.AVI,1998-10-30 10:39:08+11:00,cd967612f2e4bb3e9beff2bea1f576098ab08be2d2792dffba9e7050133030b1
.\Video\010.AVI,1998-10-30 10:39:00+11:00,c47d9c18e718ab3a6d6db306adff4905ca176960cabff09f352a4430b2c2db11
.\Video\011.AVI,1998-10-30 10:38:52+11:00,f6435a60b65a3eb7687a80a2a92dff1f63272f29a7d9d932baa560095c2e764b
.\Video\012.AVI,1998-10-30 10:38:44+11:00,6fb734b6b1a9a3d9eeb5203941e69f2d5ba20df21503a0a5d07d189c36541732
.\Video\013.AVI,1998-10-30 10:38:36+11:00,bfeda9fa17f08ac6c78050683a5897680d3993cbe76b2ad1baa2eeb1b8190737
.\Video\014.AVI,1998-10-30 10:38:30+11:00,96af7b3be12a3e8be2d19495390b030a7ed4b3f83c6359c38c2e586db2a8c8a7
.\Video\015.AVI,1998-10-30 10:38:22+11:00,b52cf3379bd057e1f5737606b03ff577630e445c0117875f233f21d2dbb17f06
.\Video\016.AVI,1998-10-30 10:38:14+11:00,ac2920f3333daa4d90cbdd01d8a5d8d8bb72fc916270580f17c0cc6c9707e539
.\Video\017.AVI,1998-10-30 10:38:06+11:00,854c81be655a76a77d71af1538400416a2ca3f6996d0cf1bdec4a8cee7b5f6fb
.\Video\018.AVI,1998-10-30 10:37:58+11:00,34b57b16a67d71f35bb0ff69ad63b64d48c4468963b3331a60ea9cbe2c118f0a
.\Video\019.AVI,1998-10-30 10:37:50+11:00,7af723335dd7c34c8735fa3b7562b24644216aa71efc0d32b7093715a7635717
.\Video\020.AVI,1998-10-30 10:37:42+11:00,eb820fc056f6a36671a2b56fa54a9537839457e8f9c22e22c4ce96ffb805f945
.\Video\021.AVI,1999-05-11 22:26:20+10:00,8bb07422b742fffefb4aca41ca6d7a12d96453621c158311331729b61a768b7e
.\Video\022.avi,1998-11-12 01:08:34+11:00,a5da381a931f4cbcb214e5c563f008a5ff7982b026e7f5121fbf945d47b7eda3
.\Video\LOGO.AVI,1999-05-11 22:26:32+10:00,8ef2314465ce25705fee2b5e1921e17377bbfa05521f19004c8dd39955b24867
